Pred,id
0.306964004719724,2021_1101_1104
0.792714878882616,2021_1101_1111
0.894858851112406,2021_1104_1111
0.300976711098288,2021_1101_1116
0.48933730145144,2021_1104_1116
0.0999508753185553,2021_1111_1116
0.267947246480401,2021_1101_1124
0.448911771640096,2021_1104_1124
0.0862598627999421,2021_1111_1124
0.456180449183149,2021_1116_1124
0.390990559755364,2021_1101_1140
0.588276133498768,2021_1104_1140
0.14206182249509,2021_1111_1140
0.595363515804733,2021_1116_1140
0.633970284884164,2021_1124_1140
0.440555693768792,2021_1101_1155
0.636703966921749,2021_1104_1155
0.168818155061014,2021_1111_1155
0.643462956957448,2021_1116_1155
0.679947557302577,2021_1124_1155
0.548102046885174,2021_1140_1155
0.725898154775325,2021_1101_1156
0.854942486993446,2021_1104_1156
0.405835244845169,2021_1111_1156
0.858543295521188,2021_1116_1156
0.877218300949781,2021_1124_1156
0.803106158076987,2021_1140_1156
0.769036492810465,2021_1155_1156
0.417027499720707,2021_1101_1159
0.614201078271926,2021_1104_1159
0.155761741893159,2021_1111_1159
0.621129604072353,2021_1116_1159
0.658687349281864,2021_1124_1159
0.524212138292421,2021_1140_1159
0.473520014892836,2021_1155_1159
0.211026405753812,2021_1156_1159
0.35719447332744,2021_1101_1160
0.552909191592275,2021_1104_1160
0.125353592814282,2021_1111_1160
0.560150179479663,2021_1116_1160
0.599858620881239,2021_1124_1160
0.461165959194891,2021_1140_1160
0.411300169860278,2021_1155_1160
0.172027785829331,2021_1156_1160
0.434831381237836,2021_1159_1160
0.338642179791739,2021_1101_1163
0.532614354818772,2021_1104_1163
0.116657537839097,2021_1111_1163
0.539910521735354,2021_1116_1163
0.580076374942632,2021_1124_1163
0.440917618857015,2021_1140_1163
0.391649884248034,2021_1155_1163
0.160688699724248,2021_1156_1163
0.414849096545448,2021_1159_1163
0.477192268466324,2021_1160_1163
0.342968305319971,2021_1101_1166
0.537404907651019,2021_1104_1166
0.118656615659752,2021_1111_1166
0.544690220379188,2021_1116_1166
0.584759722585615,2021_1124_1166
0.445669851558745,2021_1140_1166
0.396247458167848,2021_1155_1166
0.163302818931939,2021_1156_1166
0.419531197545423,2021_1159_1166
0.481998406504989,2021_1160_1166
0.502502873138879,2021_1163_1166
0.454199419474564,2021_1101_1179
0.649371243560199,2021_1104_1179
0.17670445126963,2021_1111_1179
0.656021883842603,2021_1116_1179
0.691836804446505,2021_1124_1179
0.561732151944357,2021_1140_1179
0.511310918794658,2021_1155_1179
0.23731095968602,2021_1156_1179
0.53536055438836,2021_1159_1179
0.597326881057979,2021_1160_1179
0.616894704105166,2021_1163_1179
0.612395221885883,2021_1166_1179
0.693783475082595,2021_1101_1180
0.834499975997499,2021_1104_1180
0.36882709384284,2021_1111_1180
0.838512384504723,2021_1116_1180
0.859398778738336,2021_1124_1180
0.777261719833159,2021_1140_1180
0.740166896724266,2021_1155_1180
0.458621288548199,2021_1156_1180
0.758278321477332,2021_1159_1180
0.801536320256499,2021_1160_1180
0.814266258898269,2021_1163_1180
0.811376074219178,2021_1166_1180
0.729823246614836,2021_1179_1180
0.609904954346737,2021_1101_1186
0.776763923678637,2021_1104_1186
0.287366954114116,2021_1111_1186
0.781810109776534,2021_1116_1186
0.808354073303736,2021_1124_1186
0.706578657768104,2021_1140_1186
0.662818856671495,2021_1155_1186
0.368920885513994,2021_1156_1186
0.684020115500122,2021_1159_1186
0.735939452454879,2021_1160_1186
0.751572852303927,2021_1163_1186
0.748009010046519,2021_1166_1186
0.650848561035321,2021_1179_1186
0.406433990484105,2021_1180_1186
0.395787408540616,2021_1101_1196
0.593136067887935,2021_1104_1196
0.144529466020647,2021_1111_1196
0.600196647550194,2021_1116_1196
0.638622184934117,2021_1124_1196
0.50221581582436,2021_1140_1196
0.451631686096789,2021_1155_1196
0.196737592658307,2021_1156_1196
0.475606173538576,2021_1159_1196
0.538674548798723,2021_1160_1196
0.558988243498036,2021_1163_1196
0.554300027012429,2021_1166_1196
0.438515166299866,2021_1179_1196
0.222927247842149,2021_1180_1196
0.293755469561187,2021_1186_1196
0.321990510192276,2021_1101_1199
0.513835141634571,2021_1104_1199
0.109120289307977,2021_1111_1199
0.521160906829377,2021_1116_1199
0.561634613738165,2021_1124_1199
0.422449248803038,2021_1140_1199
0.373865172722803,2021_1155_1199
0.150792230994552,2021_1156_1199
0.396697870363106,2021_1159_1199
0.45845041278841,2021_1160_1199
0.478879222118328,2021_1163_1199
0.474140534661532,2021_1166_1199
0.361518222352519,2021_1179_1199
0.172176646652069,2021_1180_1199
0.231688015397875,2021_1186_1199
0.418733157509161,2021_1196_1199
0.498242682179335,2021_1101_1207
0.688467534564706,2021_1104_1207
0.203891311068946,2021_1111_1207
0.694725223622263,2021_1116_1207
0.728180085113501,2021_1124_1207
0.604651094846177,2021_1140_1207
0.55525821820484,2021_1155_1207
0.270755862329273,2021_1156_1207
0.578926166201631,2021_1159_1207
0.639000210732091,2021_1160_1207
0.657703408795448,2021_1163_1207
0.653413939531204,2021_1166_1207
0.542107336683454,2021_1179_1207
0.30308103819601,2021_1180_1207
0.386702549407401,2021_1186_1207
0.601000077149684,2021_1196_1207
0.675130866075727,2021_1199_1207
0.353212981452137,2021_1101_1210
0.548608013120945,2021_1104_1210
0.123459992410066,2021_1111_1210
0.555862705168791,2021_1116_1210
0.59567882377339,2021_1124_1210
0.456849203489452,2021_1140_1210
0.40709753212867,2021_1155_1210
0.169565810884613,2021_1156_1210
0.430564156776781,2021_1159_1210
0.493278123615732,2021_1160_1210
0.513786494860216,2021_1163_1210
0.509039799631338,2021_1166_1210
0.394344294033183,2021_1179_1210
0.193007480819206,2021_1180_1210
0.257479418724371,2021_1186_1210
0.453067890946983,2021_1196_1210
0.533342339021933,2021_1199_1210
0.353577838704461,2021_1207_1210
0.268052477673617,2021_1101_1211
0.449044478320381,2021_1104_1211
0.0863021517221458,2021_1111_1211
0.456313525400913,2021_1116_1211
0.496978004565355,2021_1124_1211
0.360633914611736,2021_1140_1211
0.315278171802281,2021_1155_1211
0.120438124975448,2021_1156_1211
0.3364555069379,2021_1159_1211
0.39496973563037,2021_1160_1211
0.414736146530212,2021_1163_1211
0.410132641432585,2021_1166_1211
0.303926888937867,2021_1179_1211
0.138218539402654,2021_1180_1211
0.188667613279912,2021_1186_1211
0.357125352672606,2021_1196_1211
0.433886247870733,2021_1199_1211
0.268365866764209,2021_1207_1211
0.400170951179638,2021_1210_1211
0.625713056578987,2021_1101_1213
0.788158868622756,2021_1104_1213
0.301271543009614,2021_1111_1213
0.793016112378372,2021_1116_1213
0.818513270773875,2021_1124_1213
0.720265986232003,2021_1140_1213
0.677616109178184,2021_1155_1213
0.38464167033303,2021_1156_1213
0.698310438793719,2021_1159_1213
0.748744201622916,2021_1160_1213
0.763862755787096,2021_1163_1213
0.760419018193794,2021_1166_1213
0.665906345394904,2021_1179_1213
0.422682649621023,2021_1180_1213
0.51492161633054,2021_1186_1213
0.717183264716703,2021_1196_1213
0.777712022922202,2021_1199_1213
0.626086922570572,2021_1207_1213
0.752807533008818,2021_1210_1213
0.819551113091757,2021_1211_1213
0.806809995569816,2021_1101_1216
0.902859443396631,2021_1104_1216
0.51856512490524,2021_1111_1216
0.905402405168669,2021_1116_1216
0.918478516637311,2021_1124_1216
0.865451455092801,2021_1140_1216
0.840020783961246,2021_1155_1216
0.609605028666258,2021_1156_1216
0.852558465395687,2021_1159_1216
0.881579227087417,2021_1160_1216
0.889880378858357,2021_1163_1216
0.888004984078669,2021_1166_1216
0.832754005121106,2021_1179_1216
0.646519353399969,2021_1180_1216
0.726164507032109,2021_1186_1216
0.863665857357285,2021_1196_1216
0.897332183170025,2021_1199_1216
0.807058747496491,2021_1207_1216
0.883827648269415,2021_1210_1216
0.919001272175827,2021_1211_1216
0.713129503276113,2021_1213_1216
0.269814054663204,2021_1101_1222
0.451262177264519,2021_1104_1222
0.0870112972379255,2021_1111_1222
0.458537246224141,2021_1116_1222
0.499217933652004,2021_1124_1222
0.362702422432607,2021_1140_1222
0.317215600937454,2021_1155_1222
0.121390500473478,2021_1156_1222
0.33845874658198,2021_1159_1222
0.397112863925143,2021_1160_1222
0.416912622426021,2021_1163_1222
0.412301977803934,2021_1166_1222
0.305825718469659,2021_1179_1222
0.139289249406366,2021_1180_1222
0.190042945702191,2021_1186_1222
0.359185041705487,2021_1196_1222
0.436088339033826,2021_1199_1222
0.270128743197056,2021_1207_1222
0.402323534882351,2021_1210_1222
0.500968463871117,2021_1211_1222
0.18029530680347,2021_1213_1222
0.0809407677156023,2021_1216_1222
0.309926304167862,2021_1101_1228
0.499882512752438,2021_1104_1228
0.103810644253968,2021_1111_1228
0.507216891765846,2021_1116_1228
0.547846660294868,2021_1124_1228
0.408891041077841,2021_1140_1228
0.36089190048651,2021_1155_1228
0.143782143359051,2021_1156_1228
0.383417466367862,2021_1159_1228
0.444626280122174,2021_1160_1228
0.464967978083243,2021_1163_1228
0.460245371199699,2021_1166_1228
0.348734766158912,2021_1179_1228
0.164364846098573,2021_1180_1228
0.221899896362108,2021_1186_1228
0.405210538358079,2021_1196_1228
0.484517340087795,2021_1199_1228
0.310267897171665,2021_1207_1228
0.449995055831314,2021_1210_1228
0.549580574375318,2021_1211_1228
0.210943814070826,2021_1213_1228
0.0966922001940755,2021_1216_1228
0.547597802175195,2021_1222_1228
0.720469803404237,2021_1101_1233
0.851547101325874,2021_1104_1233
0.39931354011544,2021_1111_1233
0.855217921206285,2021_1116_1233
0.874267647161137,2021_1124_1233
0.798782999605919,2021_1140_1233
0.764184925723232,2021_1155_1233
0.490758914306222,2021_1156_1233
0.781117278320077,2021_1159_1233
0.821251541504098,2021_1160_1233
0.832980404735923,2021_1163_1233
0.83032074605131,2021_1166_1233
0.754480248684466,2021_1179_1233
0.53025139737523,2021_1180_1233
0.620725376913549,2021_1186_1233
0.796320865886284,2021_1196_1233
0.843605933256026,2021_1199_1233
0.720791254484992,2021_1207_1233
0.82441725473633,2021_1210_1233
0.875035332220878,2021_1211_1233
0.605398690186378,2021_1213_1233
0.380536051690846,2021_1216_1233
0.874157178027849,2021_1222_1233
0.851149340520635,2021_1228_1233
0.257703913599415,2021_1101_1234
0.43586943389369,2021_1104_1234
0.0821824947382338,2021_1111_1234
0.443096728787581,2021_1116_1234
0.483631106728195,2021_1124_1234
0.348412473362608,2021_1140_1234
0.303863286863827,2021_1155_1234
0.114893879819895,2021_1156_1234
0.324637404746767,2021_1159_1234
0.382280417522957,2021_1160_1234
0.401833552484418,2021_1163_1234
0.397276048860725,2021_1166_1234
0.292747273853315,2021_1179_1234
0.131978607876402,2021_1180_1234
0.180627506207005,2021_1186_1234
0.344958661429035,2021_1196_1234
0.420816255135159,2021_1199_1234
0.258009468650147,2021_1207_1234
0.387421532509734,2021_1210_1234
0.485379955943833,2021_1211_1234
0.171260688167714,2021_1213_1234
0.0764206578330024,2021_1216_1234
0.483380234067671,2021_1222_1234
0.435096765720349,2021_1228_1234
0.118374944067273,2021_1233_1234
0.326349904649995,2021_1101_1242
0.518804429362754,2021_1104_1242
0.111069783284914,2021_1111_1242
0.52612437138099,2021_1116_1242
0.566527489034261,2021_1124_1242
0.427311548096907,2021_1140_1242
0.378534782154348,2021_1155_1242
0.15335805855442,2021_1156_1242
0.401469806825122,2021_1159_1242
0.463394613760501,2021_1160_1242
0.483846898037769,2021_1163_1242
0.47910424718807,2021_1166_1242
0.366123792101765,2021_1179_1242
0.175031346238357,2021_1180_1242
0.235249018340281,2021_1186_1242
0.423584054563515,2021_1196_1242
0.503443124261403,2021_1199_1242
0.326701029470543,2021_1207_1242
0.468798716980372,2021_1210_1242
0.568246222668158,2021_1211_1242
0.223823429107898,2021_1213_1242
0.103511062742021,2021_1216_1242
0.56628077278525,2021_1222_1242
0.518019744144981,2021_1228_1242
0.15779674774147,2021_1233_1242
0.581784474050171,2021_1234_1242
0.614401636839239,2021_1101_1251
0.780030897172145,2021_1104_1251
0.291261151348973,2021_1111_1251
0.785023672653354,2021_1116_1251
0.811271063729801,2021_1124_1251
0.710489939113371,2021_1140_1251
0.667038576872133,2021_1155_1251
0.373341261622598,2021_1156_1251
0.688099362626973,2021_1159_1251
0.739603591584113,2021_1160_1251
0.755092251182607,2021_1163_1251
0.75156220773508,2021_1166_1251
0.655140143603313,2021_1179_1251
0.411011107406015,2021_1180_1251
0.502921857723183,2021_1186_1251
0.70734325788867,2021_1196_1251
0.769300549193717,2021_1199_1251
0.614779845487021,2021_1207_1251
0.743764157711746,2021_1210_1251
0.812340825882866,2021_1211_1251
0.486770755591148,2021_1213_1251
0.275236586173071,2021_1216_1251
0.811117203463144,2021_1222_1251
0.779491137538364,2021_1228_1251
0.381279636785612,2021_1233_1251
0.820641002117767,2021_1234_1251
0.766417794367798,2021_1242_1251
0.353998899696169,2021_1101_1260
0.549459354181531,2021_1104_1260
0.123832573497002,2021_1111_1260
0.556711419501514,2021_1116_1260
0.59650668199178,2021_1124_1260
0.457702535234645,2021_1140_1260
0.40792772815113,2021_1155_1260
0.170050538089632,2021_1156_1260
0.431407387733457,2021_1159_1260
0.494137595581507,2021_1160_1260
0.514645408072596,2021_1163_1260
0.509899099402207,2021_1166_1260
0.395165816312363,2021_1179_1260
0.19354360141362,2021_1180_1260
0.258137339330782,2021_1186_1260
0.453920062361828,2021_1196_1260
0.534198025840991,2021_1199_1260
0.354364123988813,2021_1207_1260
0.499566445779218,2021_1210_1260
0.598190854495938,2021_1211_1260
0.245957632494748,2021_1213_1260
0.115518167156525,2021_1216_1260
0.596264868824757,2021_1222_1260
0.548681171481551,2021_1228_1260
0.17487257192469,2021_1233_1260
0.611432209569342,2021_1234_1260
0.53017165844766,2021_1242_1260
0.255597120682082,2021_1251_1260
0.346558749576885,2021_1101_1261
0.541353725960862,2021_1104_1261
0.120328860846647,2021_1111_1261
0.548629082737626,2021_1116_1261
0.58861375068275,2021_1124_1261
0.449599733875024,2021_1140_1261
0.400056053395703,2021_1155_1261
0.165486126381443,2021_1156_1261
0.423406642303428,2021_1159_1261
0.485967794808539,2021_1160_1261
0.506476018587479,2021_1163_1261
0.501727168386374,2021_1166_1261
0.387379280431549,2021_1179_1261
0.188491815221374,2021_1180_1261
0.251926239782366,2021_1186_1261
0.445829172728664,2021_1196_1261
0.526054663255537,2021_1199_1261
0.346920420056748,2021_1207_1261
0.491394077820306,2021_1210_1261
0.590308240932166,2021_1211_1261
0.239944805969202,2021_1213_1261
0.112219571404509,2021_1216_1261
0.588370471462109,2021_1222_1261
0.540573249233952,2021_1228_1261
0.170205273103908,2021_1233_1261
0.603637240512571,2021_1234_1261
0.522020887946713,2021_1242_1261
0.249426592076758,2021_1251_1261
0.491617528652298,2021_1260_1261
0.42765709839695,2021_1101_1268
0.624472905923252,2021_1104_1268
0.16157767631911,2021_1111_1268
0.631327688968167,2021_1116_1268
0.66841417537812,2021_1124_1268
0.535066243453994,2021_1140_1268
0.484393103592573,2021_1155_1268
0.21837209799327,2021_1156_1268
0.508494049510217,2021_1159_1268
0.571173380971677,2021_1160_1268
0.591142207148383,2021_1163_1268
0.586542981546228,2021_1166_1268
0.471142589429631,2021_1179_1268
0.246557736095137,2021_1180_1268
0.321784819810212,2021_1186_1268
0.53127077075542,2021_1196_1268
0.609948756542088,2021_1199_1268
0.428047962139746,2021_1207_1268
0.576484074550479,2021_1210_1268
0.669964269446272,2021_1211_1268
0.307848209508114,2021_1213_1268
0.151166220945931,2021_1216_1268
0.668191485094148,2021_1222_1268
0.623735563332529,2021_1228_1268
0.224194220990915,2021_1233_1268
0.682097365432869,2021_1234_1268
0.606094350438857,2021_1242_1268
0.318887498703297,2021_1251_1268
0.576702344861337,2021_1260_1268
0.584683593432503,2021_1261_1268
0.305730696211977,2021_1101_1276
0.494959824075484,2021_1104_1276
0.101992911008496,2021_1111_1276
0.502294517494437,2021_1116_1276
0.542964438434509,2021_1124_1276
0.404140313824142,2021_1140_1276
0.356362644405406,2021_1155_1276
0.141374916480804,2021_1156_1276
0.378773055031298,2021_1159_1276
0.439769252556415,2021_1160_1276
0.460072819857867,2021_1163_1276
0.455357616942416,2021_1166_1276
0.344275895311035,2021_1179_1276
0.161678089938694,2021_1180_1276
0.218518592125984,2021_1186_1276
0.400473602097937,2021_1196_1276
0.479600858755007,2021_1199_1276
0.306069715943852,2021_1207_1276
0.445126386108046,2021_1210_1276
0.544701515289139,2021_1211_1276
0.207684897614365,2021_1213_1276
0.0949859006028613,2021_1216_1276
0.542715136124001,2021_1222_1276
0.494174166137342,2021_1228_1276
0.145526389645603,2021_1233_1276
0.558404313759344,2021_1234_1276
0.475565865492981,2021_1242_1276
0.216254596272843,2021_1251_1276
0.445347220150741,2021_1260_1276
0.453457994587458,2021_1261_1276
0.370776826799483,2021_1268_1276
0.44522094577855,2021_1101_1277
0.641066173009383,2021_1104_1277
0.171487915120625,2021_1111_1277
0.647788900259964,2021_1116_1277
0.684048186547285,2021_1124_1277
0.5527808636445,2021_1140_1277
0.502242346970675,2021_1155_1277
0.230806831407233,2021_1156_1277
0.52632483217914,2021_1159_1277
0.588570114375765,2021_1160_1277
0.608284414127824,2021_1163_1277
0.60374876243459,2021_1166_1277
0.488966605271438,2021_1179_1277
0.260063434184989,2021_1180_1277
0.337565027638947,2021_1186_1277
0.549008113787511,2021_1196_1277
0.626800257877559,2021_1199_1277
0.445615363902944,2021_1207_1277
0.593818573337243,2021_1210_1277
0.685559576430736,2021_1211_1277
0.323270735242249,2021_1213_1277
0.160560170884721,2021_1216_1277
0.683831029448034,2021_1222_1277
0.640342646657583,2021_1228_1277
0.236860018332132,2021_1233_1277
0.697378314620573,2021_1234_1277
0.6230094520606,2021_1242_1277
0.334595719537489,2021_1251_1277
0.5940342011187,2021_1260_1277
0.601914235802186,2021_1261_1277
0.51781005262273,2021_1268_1277
0.645816957862892,2021_1276_1277
0.419884610176839,2021_1101_1281
0.616979388064535,2021_1104_1281
0.157311898609907,2021_1111_1281
0.623888572352056,2021_1116_1281
0.661321947089688,2021_1124_1281
0.527139578190775,2021_1140_1281
0.47644784747465,2021_1155_1281
0.212987805942567,2021_1156_1281
0.500537239490129,2021_1159_1281
0.56335995461221,2021_1160_1281
0.58342726251727,2021_1163_1281
0.578803087382036,2021_1166_1281
0.463219415976229,2021_1179_1281
0.240692488768268,2021_1180_1281
0.314877914203725,2021_1186_1281
0.523337042397322,2021_1196_1281
0.602349967761752,2021_1199_1281
0.420273586471341,2021_1207_1281
0.568694343402044,2021_1210_1281
0.662888474430555,2021_1211_1281
0.301107634764574,2021_1213_1281
0.14712707931175,2021_1216_1281
0.661096908728385,2021_1222_1281
0.616236374037962,2021_1228_1281
0.218706543231026,2021_1233_1281
0.675155570232703,2021_1234_1281
0.598469903621596,2021_1242_1281
0.312014172009405,2021_1251_1281
0.568913626265552,2021_1260_1281
0.576933997934099,2021_1261_1281
0.492006314884474,2021_1268_1281
0.621860929121583,2021_1276_1281
0.474368753104876,2021_1277_1281
0.676222362635773,2021_1101_1287
0.822949362664139,2021_1104_1287
0.350087555295131,2021_1111_1287
0.827183813766159,2021_1116_1287
0.849272035736222,2021_1124_1287
0.762851560840754,2021_1140_1287
0.724208402491323,2021_1155_1287
0.438488973310029,2021_1156_1287
0.743046031741851,2021_1159_1287
0.788268815358976,2021_1160_1287
0.801639159421494,2021_1163_1287
0.79860108487089,2021_1166_1287
0.713475388983007,2021_1179_1287
0.477721104468968,2021_1180_1287
0.57011001425173,2021_1186_1287
0.76008181777273,2021_1196_1287
0.813812898742412,2021_1199_1287
0.676571854788338,2021_1207_1287
0.791870629144864,2021_1210_1287
0.850166181071966,2021_1211_1287
0.554206896579044,2021_1213_1287
0.332344158866345,2021_1216_1287
0.849143394784253,2021_1222_1287
0.822490950471896,2021_1228_1287
0.446824874136391,2021_1233_1287
0.857087667890878,2021_1234_1287
0.81134996131751,2021_1242_1287
0.56684553667509,2021_1251_1287
0.792017942321812,2021_1260_1287
0.79736589546659,2021_1261_1287
0.736476468199112,2021_1268_1287
0.825946391238305,2021_1276_1287
0.722540228900379,2021_1277_1287
0.742822683556909,2021_1281_1287
0.8222315418278,2021_1101_1291
0.911455218795258,2021_1104_1291
0.543991152826605,2021_1111_1291
0.913794644069078,2021_1116_1291
0.925805768016456,2021_1124_1291
0.876906089350732,2021_1140_1291
0.853273378036309,2021_1155_1291
0.633620008914411,2021_1156_1291
0.864939435547994,2021_1159_1291
0.891832447564256,2021_1160_1291
0.899496799827013,2021_1163_1291
0.897766362754367,2021_1166_1291
0.846498573058302,2021_1179_1291
0.669494691668089,2021_1180_1291
0.745996936470275,2021_1186_1291
0.875250594426773,2021_1196_1291
0.906366331718417,2021_1199_1291
0.82246480634456,2021_1207_1291
0.893909621229849,2021_1210_1291
0.926285308609816,2021_1211_1291
0.733559600159189,2021_1213_1291
0.524349066285184,2021_1216_1291
0.925736734178798,2021_1222_1291
0.911201235703066,2021_1228_1291
0.641427950155019,2021_1233_1291
0.929980117810867,2021_1234_1291
0.904984774493173,2021_1242_1291
0.743467100635774,2021_1251_1291
0.893994379872376,2021_1260_1291
0.897060964232296,2021_1261_1291
0.860902934567882,2021_1268_1291
0.91311224228058,2021_1276_1291
0.852226581748365,2021_1277_1291
0.864802761024315,2021_1281_1291
0.689241264703937,2021_1287_1291
0.837735086780579,2021_1101_1313
0.919935099848713,2021_1104_1313
0.571102882305475,2021_1111_1313
0.922069635865631,2021_1116_1313
0.933012313313605,2021_1124_1313
0.888289189262149,2021_1140_1313
0.866509224207887,2021_1155_1313
0.658745767786191,2021_1156_1313
0.877274276597179,2021_1159_1313
0.901989509274508,2021_1160_1313
0.909007598885373,2021_1163_1313
0.907424062642124,2021_1166_1313
0.860245461517673,2021_1179_1313
0.693350883268297,2021_1180_1313
0.76625902263287,2021_1186_1313
0.886767017696026,2021_1196_1313
0.915288276677189,2021_1199_1313
0.837952017184192,2021_1207_1313
0.903892653114563,2021_1210_1313
0.933448624006866,2021_1211_1313
0.754487305681957,2021_1213_1313
0.551666147253001,2021_1216_1313
0.932949499162888,2021_1222_1313
0.919703297705405,2021_1228_1313
0.666300254004665,2021_1233_1313
0.936808879802834,2021_1234_1313
0.914025874965159,2021_1242_1313
0.763867115577545,2021_1251_1313
0.903970292832846,2021_1260_1313
0.906778381577881,2021_1261_1313
0.87355252880303,2021_1268_1313
0.921447107910783,2021_1276_1313
0.865541976808415,2021_1277_1313
0.877148311399234,2021_1281_1313
0.712284663755906,2021_1287_1313
0.527915320931463,2021_1291_1313
0.324230966623804,2021_1101_1314
0.516393791235435,2021_1104_1314
0.110120132822981,2021_1111_1314
0.52371673877319,2021_1116_1314
0.564155080632728,2021_1124_1314
0.424950600967248,2021_1140_1314
0.376266267959721,2021_1155_1314
0.152108711050699,2021_1156_1314
0.399152124563372,2021_1159_1314
0.460994784040691,2021_1160_1314
0.48143617869145,2021_1163_1314
0.476695334241298,2021_1166_1314
0.363886105240074,2021_1179_1314
0.173641647278677,2021_1180_1314
0.233516542911495,2021_1186_1314
0.421228554187894,2021_1196_1314
0.501029544121214,2021_1199_1314
0.324580910108372,2021_1207_1314
0.466395225431884,2021_1210_1314
0.565876012708316,2021_1211_1314
0.2221506541668,2021_1213_1314
0.102618578987978,2021_1216_1314
0.563908053498117,2021_1222_1314
0.515608845265333,2021_1228_1314
0.156517924902803,2021_1233_1314
0.579433579227221,2021_1234_1314
0.496986439878929,2021_1242_1314
0.231143118611128,2021_1251_1314
0.466617737799454,2021_1260_1314
0.474784294468703,2021_1261_1314
0.390996454229838,2021_1268_1314
0.521563193550058,2021_1276_1314
0.374311789374349,2021_1277_1314
0.398871684744132,2021_1281_1314
0.18703978514004,2021_1287_1314
0.0941410544180089,2021_1291_1314
0.0853239633132748,2021_1313_1314
0.53142664476272,2021_1101_1317
0.71623591902215,2021_1104_1317
0.226313272035326,2021_1111_1317
0.722160927948227,2021_1116_1317
0.753675183486844,2021_1124_1317
0.635939812137484,2021_1140_1317
0.587791068830956,2021_1155_1317
0.297780535996717,2021_1156_1317
0.61094080387646,2021_1159_1317
0.669058354041277,2021_1160_1317
0.686967143058723,2021_1163_1317
0.682867566495009,2021_1166_1317
0.574865627294543,2021_1179_1317
0.331863865577291,2021_1180_1317
0.418656152935889,2021_1186_1317
0.63240207674761,2021_1196_1317
0.703576183541359,2021_1199_1317
0.53182422277232,2021_1207_1317
0.673849023638853,2021_1210_1317
0.754972810674056,2021_1211_1317
0.403017130421102,2021_1213_1317
0.212789167619109,2021_1216_1317
0.753488636065257,2021_1222_1317
0.715596694710073,2021_1228_1317
0.30489395825922,2021_1233_1317
0.76507658152379,2021_1234_1317
0.700192217923097,2021_1242_1317
0.415420864425356,2021_1251_1317
0.67404548678389,2021_1260_1317
0.681205923006687,2021_1261_1317
0.602799187093749,2021_1268_1317
0.720425669210281,2021_1276_1317
0.585769714311468,2021_1277_1317
0.610662794728213,2021_1281_1317
0.352266105188692,2021_1287_1317
0.197210376683632,2021_1291_1317
0.180665249640769,2021_1313_1317
0.703517941998334,2021_1314_1317
0.51227024931775,2021_1101_1325
0.700375115039807,2021_1104_1325
0.213152178024811,2021_1111_1325
0.706495587301435,2021_1116_1325
0.739144875887928,2021_1124_1325
0.617984705634763,2021_1140_1325
0.569070437442738,2021_1155_1325
0.281978056152495,2021_1156_1325
0.592542727104072,2021_1159_1325
0.651842399845762,2021_1160_1325
0.670223624544027,2021_1163_1325
0.666011378026315,2021_1166_1325
0.556001393532086,2021_1179_1325
0.315064183422578,2021_1180_1325
0.400093843071131,2021_1186_1325
0.614378292442438,2021_1196_1325
0.687316688525295,2021_1199_1325
0.512669176018988,2021_1207_1325
0.656754430687334,2021_1210_1325
0.740492691881909,2021_1211_1325
0.384689381055999,2021_1213_1325
0.200211035747808,2021_1216_1325
0.738951135810399,2021_1222_1325
0.699715141248577,2021_1228_1325
0.288869273937333,2021_1233_1325
0.750996623312326,2021_1234_1325
0.683830517023084,2021_1242_1325
0.396904064795367,2021_1251_1325
0.656955948942238,2021_1260_1325
0.66430483258065,2021_1261_1325
0.584278086247095,2021_1268_1325
0.704702496895249,2021_1276_1325
0.567024903921446,2021_1277_1325
0.592260345324552,2021_1281_1325
0.33495138524439,2021_1287_1325
0.185336313892969,2021_1291_1325
0.169576942546321,2021_1313_1325
0.687256672356566,2021_1314_1325
0.481837303314243,2021_1317_1325
0.326224688001472,2021_1101_1326
0.518662223626835,2021_1104_1326
0.111013555036474,2021_1111_1326
0.525982352390215,2021_1116_1326
0.566387599194367,2021_1124_1326
0.427172157897335,2021_1140_1326
0.378400789886763,2021_1155_1326
0.153284113726662,2021_1156_1326
0.401332938880829,2021_1159_1326
0.463252974347072,2021_1160_1326
0.48370464233918,2021_1163_1326
0.478962091960844,2021_1166_1326
0.365991605800282,2021_1179_1326
0.174949110601232,2021_1180_1326
0.23514655475722,2021_1186_1326
0.423444981234161,2021_1196_1326
0.503300725100092,2021_1199_1326
0.326575743411027,2021_1207_1326
0.468656868405449,2021_1210_1326
0.568106464643861,2021_1211_1326
0.223724486142118,2021_1213_1326
0.103458215686567,2021_1216_1326
0.566140864300084,2021_1222_1326
0.517877522012994,2021_1228_1326
0.157721061405592,2021_1233_1326
0.581645871992649,2021_1234_1326
0.499257631405948,2021_1242_1326
0.232761594312024,2021_1251_1326
0.468879511654507,2021_1260_1326
0.477050248971918,2021_1261_1326
0.393161866352274,2021_1268_1326
0.523829737195893,2021_1276_1326
0.376441915411919,2021_1277_1326
0.401051989564234,2021_1281_1326
0.188425128626998,2021_1287_1326
0.094918663901191,2021_1291_1326
0.0860356603411035,2021_1313_1326
0.503230917060627,2021_1314_1326
0.300044925174504,2021_1317_1326
0.316563674887309,2021_1325_1326
0.375479893713187,2021_1101_1328
0.572293634201509,2021_1104_1328
0.134249359850542,2021_1111_1328
0.579459462094491,2021_1116_1328
0.618611596218556,2021_1124_1328
0.480792858467012,2021_1140_1328
0.430500385955698,2021_1155_1328
0.183540743565627,2021_1156_1328
0.454282412128412,2021_1159_1328
0.517312603630901,2021_1160_1328
0.537759768507142,2021_1163_1328
0.533034401208405,2021_1166_1328
0.417530293455984,2021_1179_1328
0.208429479808544,2021_1180_1328
0.276289231428731,2021_1186_1328
0.476987404800453,2021_1196_1328
0.557182425494028,2021_1199_1328
0.375854385846329,2021_1207_1328
0.522732962475549,2021_1210_1328
0.620262239710108,2021_1211_1328
0.263557333226098,2021_1213_1328
0.12533559638014,2021_1216_1328
0.618374555218331,2021_1222_1328
0.571524135614274,2021_1228_1328
0.18865835694546,2021_1233_1328
0.633222216664696,2021_1234_1328
0.553188558427316,2021_1242_1328
0.273636273685118,2021_1251_1328
0.522956011230961,2021_1260_1328
0.531126737460861,2021_1261_1328
0.445836131129693,2021_1268_1328
0.577354558515384,2021_1276_1328
0.428457709540113,2021_1277_1328
0.453992505212896,2021_1281_1328
0.223784927013286,2021_1287_1328
0.115222338906373,2021_1291_1328
0.104658928269204,2021_1313_1328
0.557113526457008,2021_1314_1328
0.347385333870632,2021_1317_1328
0.36515073147519,2021_1325_1328
0.55512758965465,2021_1326_1328
0.386887186028011,2021_1101_1329
0.584088033389398,2021_1104_1329
0.139970480063206,2021_1111_1329
0.59119741029599,2021_1116_1329
0.62995461219684,2021_1124_1329
0.492874581586259,2021_1140_1329
0.44239514323546,2021_1155_1329
0.190899265246147,2021_1156_1329
0.466296247350921,2021_1159_1329
0.52937635273024,2021_1160_1329
0.549757261820276,2021_1163_1329
0.545050781205166,2021_1166_1329
0.429336851600539,2021_1179_1329
0.21652121897449,2021_1180_1329
0.286063383826539,2021_1186_1329
0.489063576152191,2021_1196_1329
0.569079763242745,2021_1199_1329
0.387266000371469,2021_1207_1329
0.534783069106142,2021_1210_1329
0.631585400300369,2021_1211_1329
0.273051011985435,2021_1213_1329
0.130734213280519,2021_1216_1329
0.629720401279507,2021_1222_1329
0.583324304840246,2021_1228_1329
0.196172756104666,2021_1233_1329
0.644380495445504,2021_1234_1329
0.56510944768485,2021_1242_1329
0.283353319550135,2021_1251_1329
0.535005495826943,2021_1260_1329
0.543150133661085,2021_1261_1329
0.45781398644893,2021_1268_1329
0.589109597868837,2021_1276_1329
0.440339666640982,2021_1277_1329
0.466005220553882,2021_1281_1329
0.232297857273121,2021_1287_1329
0.120245230535178,2021_1291_1329
0.109278203657002,2021_1313_1329
0.569011283460859,2021_1314_1329
0.358428960675014,2021_1317_1329
0.376433366376853,2021_1325_1329
0.567037235616396,2021_1326_1329
0.513350531877781,2021_1328_1329
0.711246920192025,2021_1101_1331
0.845722926985208,2021_1104_1331
0.388488158653285,2021_1111_1331
0.849512311429874,2021_1116_1331
0.869197934924469,2021_1124_1331
0.791395864745054,2021_1140_1331
0.755915744023571,2021_1155_1331
0.479433110358836,2021_1156_1331
0.773265684965523,2021_1159_1331
0.814497717222799,2021_1160_1331
0.826576160545882,2021_1163_1331
0.823836087127807,2021_1166_1331
0.745983877885292,2021_1179_1331
0.518942957331687,2021_1180_1331
0.609992992695146,2021_1186_1331
0.788867232335148,2021_1196_1331
0.837529649540989,2021_1199_1331
0.711574731397061,2021_1207_1331
0.817756500334064,2021_1210_1331
0.869991971123918,2021_1211_1331
0.594515916715762,2021_1213_1331
0.369906247058422,2021_1216_1331
0.869083678515442,2021_1222_1331
0.845312395788248,2021_1228_1331
0.487871091193095,2021_1233_1331
0.876131054745807,2021_1234_1331
0.835316957452911,2021_1242_1331
0.606822507562677,2021_1251_1331
0.817889705170131,2021_1260_1331
0.822721308924915,2021_1261_1331
0.767226709289605,2021_1268_1331
0.848405468049265,2021_1276_1331
0.754374310370392,2021_1277_1331
0.773060581629852,2021_1281_1331
0.54152466850188,2021_1287_1331
0.347908264931624,2021_1291_1331
0.323819970280343,2021_1313_1331
0.837491648175509,2021_1314_1331
0.685609872235645,2021_1317_1331
0.70206464661278,2021_1325_1331
0.836393738395012,2021_1326_1331
0.804597145644167,2021_1328_1331
0.796895386512817,2021_1329_1331
0.367772349872418,2021_1101_1332
0.564195851718648,2021_1104_1332
0.130459195677944,2021_1111_1332
0.571395743366142,2021_1116_1332
0.610794364073729,2021_1124_1332
0.47255930182237,2021_1140_1332
0.422427366778056,2021_1155_1332
0.178646127540734,2021_1156_1332
0.446112768571094,2021_1159_1332
0.509066832710182,2021_1160_1332
0.529545637211314,2021_1163_1332
0.524810499583816,2021_1166_1332
0.409525596429235,2021_1179_1332
0.203036192258399,2021_1180_1332
0.269738372137924,2021_1186_1332
0.46876018000065,2021_1196_1332
0.549023993878831,2021_1199_1332
0.368143686247716,2021_1207_1332
0.514492884570146,2021_1210_1332
0.612457645115388,2021_1211_1332
0.257201065099822,2021_1213_1332
0.121761694382183,2021_1216_1332
0.610555523194773,2021_1222_1332
0.563422898179087,2021_1228_1332
0.18365796508767,2021_1233_1332
0.625523170444647,2021_1234_1332
0.54501663019562,2021_1242_1332
0.267125098983339,2021_1251_1332
0.51471620921305,2021_1260_1332
0.522899310396936,2021_1261_1332
0.437696554087214,2021_1268_1332
0.569280479679588,2021_1276_1332
0.420394719428247,2021_1277_1332
0.445823816002379,2021_1281_1332
0.218103783307539,2021_1287_1332
0.111899919705622,2021_1291_1332
0.101606124440713,2021_1313_1332
0.548954853036677,2021_1314_1332
0.339940579994814,2021_1317_1332
0.357533831188913,2021_1325_1332
0.546962081874943,2021_1326_1332
0.493011763652823,2021_1328_1332
0.480951497829526,2021_1329_1332
0.191867477759737,2021_1331_1332
0.490900716511259,2021_1101_1333
0.68213325101549,2021_1104_1333
0.199165127023246,2021_1111_1333
0.688460600038927,2021_1116_1333
0.722327598232928,2021_1124_1333
0.597608667161154,2021_1140_1333
0.547993672775502,2021_1155_1333
0.264995673790763,2021_1156_1333
0.571750050465744,2021_1159_1333
0.632197458364649,2021_1160_1333
0.651060642326704,2021_1163_1333
0.646732641558827,2021_1166_1333
0.534807947731267,2021_1179_1333
0.296913147370559,2021_1180_1333
0.379760214015578,2021_1186_1333
0.593936289397912,2021_1196_1333
0.668655920634866,2021_1199_1333
0.491299765021591,2021_1207_1333
0.637232403836025,2021_1210_1333
0.72372982949912,2021_1211_1333
0.364662748700784,2021_1213_1333
0.186871503509371,2021_1216_1333
0.722126063403162,2021_1222_1333
0.68145137171431,2021_1228_1333
0.271628868225373,2021_1233_1333
0.734669143700986,2021_1234_1333
0.665063082732867,2021_1242_1333
0.376630770981089,2021_1251_1333
0.637439056191855,2021_1260_1333
0.644980098892445,2021_1261_1333
0.563374434249727,2021_1268_1333
0.686606204200164,2021_1276_1333
0.545927921641301,2021_1277_1333
0.571463680217972,2021_1281_1333
0.316183525686487,2021_1287_1333
0.172773751408384,2021_1291_1333
0.157875579077889,2021_1313_1333
0.668594049750736,2021_1314_1333
0.460538547006359,2021_1317_1333
0.479835962110797,2021_1325_1333
0.666809034329698,2021_1326_1333
0.61714070148697,2021_1328_1333
0.605671477413581,2021_1329_1333
0.282410317273112,2021_1331_1333
0.624989983366585,2021_1332_1333
0.36081738960843,2021_1101_1345
0.55679771233365,2021_1104_1345
0.127089933351612,2021_1111_1345
0.564025381098252,2021_1116_1345
0.603631532388496,2021_1124_1345
0.465080441521814,2021_1140_1345
0.415117468662548,2021_1155_1345
0.17428181258452,2021_1156_1345
0.438704325006777,2021_1159_1345
0.501559621286275,2021_1160_1345
0.522057572187383,2021_1163_1345
0.517315765008876,2021_1166_1345
0.402283455768051,2021_1179_1345
0.198219827169196,2021_1180_1345
0.263863591463289,2021_1186_1345
0.461288860728882,2021_1196_1345
0.54157756901135,2021_1199_1345
0.361185715432128,2021_1207_1345
0.50698828999751,2021_1210_1345
0.605305643494178,2021_1211_1345
0.251505299347378,2021_1213_1345
0.118586421554675,2021_1216_1345
0.603391150130815,2021_1222_1345
0.556021962882205,2021_1228_1345
0.179197924186102,2021_1233_1345
0.618462080628205,2021_1234_1345
0.537559770188353,2021_1242_1345
0.261286869767915,2021_1251_1345
0.50721176026731,2021_1260_1345
0.515402266127555,2021_1261_1345
0.430319291058588,2021_1268_1345
0.561901631832999,2021_1276_1345
0.413094837950877,2021_1277_1345
0.438416372806369,2021_1281_1345
0.213025528703909,2021_1287_1345
0.108949916298546,2021_1291_1345
0.0988972753167205,2021_1313_1345
0.54150823991661,2021_1314_1345
0.333234530743598,2021_1317_1345
0.350665100075867,2021_1325_1345
0.539510166859453,2021_1326_1345
0.485507169045585,2021_1328_1345
0.473459044154743,2021_1329_1345
0.187253803383774,2021_1331_1345
0.493841770115971,2021_1332_1345
0.370532802813108,2021_1333_1345
0.373642082671443,2021_1101_1353
0.570372300556399,2021_1104_1353
0.133340174378528,2021_1111_1353
0.577546556610886,2021_1116_1353
0.616758996368809,2021_1124_1353
0.478834802895833,2021_1140_1353
0.428578082093601,2021_1155_1353
0.182368057038494,2021_1156_1353
0.452338261443377,2021_1159_1353
0.515353444154739,2021_1160_1353
0.535809131317285,2021_1163_1353
0.531081211299234,2021_1166_1353
0.415623637958379,2021_1179_1353
0.207138116974626,2021_1180_1353
0.2747233486289,2021_1186_1353
0.475030667861946,2021_1196_1353
0.555245963817901,2021_1199_1353
0.374015839570604,2021_1207_1353
0.520775422821338,2021_1210_1353
0.618412712009218,2021_1211_1353
0.262037482248137,2021_1213_1353
0.124478098519366,2021_1216_1353
0.616521517712117,2021_1222_1353
0.569601944902013,2021_1228_1353
0.187460480184121,2021_1233_1353
0.631398299641166,2021_1234_1353
0.551248697883875,2021_1242_1353
0.272079773941805,2021_1251_1353
0.520998548112356,2021_1260_1353
0.529172616346147,2021_1261_1353
0.443898724634996,2021_1268_1353
0.575439093608226,2021_1276_1353
0.42653769535913,2021_1277_1353
0.452048567484216,2021_1281_1353
0.222425159596987,2021_1287_1353
0.114424980379277,2021_1291_1353
0.103926083963723,2021_1313_1353
0.555177004022062,2021_1314_1353
0.345608935202994,2021_1317_1353
0.363334064222066,2021_1325_1353
0.553189347971152,2021_1326_1353
0.499301754841216,2021_1328_1353
0.487235494156498,2021_1329_1353
0.195799197512126,2021_1331_1353
0.507639510331891,2021_1332_1353
0.38349563110677,2021_1333_1353
0.515425021162635,2021_1345_1353
0.337526168797976,2021_1101_1361
0.531372704964809,2021_1104_1361
0.116144614202259,2021_1111_1361
0.538671466113445,2021_1116_1361
0.578861114909093,2021_1124_1361
0.439688636699431,2021_1140_1361
0.390462319616594,2021_1155_1361
0.160017248609929,2021_1156_1361
0.413639017035707,2021_1159_1361
0.475948251604186,2021_1160_1361
0.49644200603693,2021_1163_1361
0.491693504783373,2021_1166_1361
0.377898060916473,2021_1179_1361
0.182428860741053,2021_1180_1361
0.244437477045923,2021_1186_1361
0.435935361588232,2021_1196_1361
0.516038345673954,2021_1199_1361
0.337883287085057,2021_1207_1361
0.481367425226893,2021_1210_1361
0.580567151176777,2021_1211_1361
0.232701413620998,2021_1213_1361
0.10828260141145,2021_1216_1361
0.578616197133915,2021_1222_1361
0.530589971044986,2021_1228_1361
0.164611202848836,2021_1233_1361
0.593995097665142,2021_1234_1361
0.511998403700572,2021_1242_1361
0.241988097742791,2021_1251_1361
0.481590633880031,2021_1260_1361
0.489778612934041,2021_1261_1361
0.405387054383869,2021_1268_1361
0.536525698985603,2021_1276_1361
0.388480028504923,2021_1277_1361
0.413355401104673,2021_1281_1361
0.196343919154567,2021_1287_1361
0.0993889844965473,2021_1291_1361
0.0901292846506405,2021_1313_1361
0.515968606173733,2021_1314_1361
0.310857892037053,2021_1317_1361
0.327693244076081,2021_1325_1361
0.513959132534715,2021_1326_1361
0.459959082515249,2021_1328_1361
0.447992902922569,2021_1329_1361
0.172148864894684,2021_1331_1361
0.46825426758527,2021_1332_1361
0.346954858974949,2021_1333_1361
0.476019731192188,2021_1345_1361
0.46244682478021,2021_1353_1361
0.487471511313072,2021_1101_1364
0.679150254707931,2021_1104_1364
0.196985317323886,2021_1111_1364
0.68550960640922,2021_1116_1364
0.719566730887601,2021_1124_1364
0.594304217216704,2021_1140_1364
0.544592272547138,2021_1155_1364
0.262331381370747,2021_1156_1364
0.568386616454913,2021_1159_1364
0.629000716168302,2021_1160_1364
0.647936547680648,2021_1163_1364
0.64359101016752,2021_1166_1364
0.531392173266894,2021_1179_1364
0.294056337951575,2021_1180_1364
0.376533172060009,2021_1186_1364
0.590622340578111,2021_1196_1364
0.665608448185431,2021_1199_1364
0.487870443585096,2021_1207_1364
0.634054091712808,2021_1210_1364
0.720977518749369,2021_1211_1364
0.361489227331707,2021_1213_1364
0.184795196324268,2021_1216_1364
0.719363970742589,2021_1222_1364
0.678464992659809,2021_1228_1364
0.268922285744875,2021_1233_1364
0.731985456107626,2021_1234_1364
0.661999269576293,2021_1242_1364
0.373414311629834,2021_1251_1364
0.63426151545272,2021_1260_1364
0.641831513449385,2021_1261_1364
0.559995842541455,2021_1268_1364
0.683645716647822,2021_1276_1364
0.542523953686009,2021_1277_1364
0.568099696072544,2021_1281_1364
0.313223903969239,2021_1287_1364
0.170821176238636,2021_1291_1364
0.156059609679341,2021_1313_1364
0.665546292885629,2021_1314_1364
0.457130992339478,2021_1317_1364
0.476411719654113,2021_1325_1364
0.663753117440085,2021_1326_1364
0.613893018417119,2021_1328_1364
0.60238918622874,2021_1329_1364
0.279637549982935,2021_1331_1364
0.621768076104488,2021_1332_1364
0.497940509718015,2021_1333_1364
0.629067589551189,2021_1345_1364
0.616263250329428,2021_1353_1364
0.652971154314789,2021_1361_1364
0.356308904318096,2021_1101_1382
0.551955043953178,2021_1104_1382
0.124931100110859,2021_1111_1382
0.559199165139541,2021_1116_1382
0.598931989281303,2021_1124_1382
0.460207166902033,2021_1140_1382
0.41036609536344,2021_1155_1382
0.17147882369347,2021_1156_1382
0.43388325304802,2021_1159_1382
0.496659006533209,2021_1160_1382
0.517164481043614,2021_1163_1382
0.512419467867573,2021_1166_1382
0.397579124670736,2021_1179_1382
0.195122818624236,2021_1180_1382
0.260073639859727,2021_1186_1382
0.456421416316776,2021_1196_1382
0.536706972786965,2021_1199_1382
0.356675196004488,2021_1207_1382
0.502088063417521,2021_1210_1382
0.600612816514732,2021_1211_1382
0.247833093164673,2021_1213_1382
0.116552747801054,2021_1216_1382
0.59869065174395,2021_1222_1382
0.551177650768087,2021_1228_1382
0.176332753717774,2021_1233_1382
0.613825883061999,2021_1234_1382
0.532683320621503,2021_1242_1382
0.257520981182812,2021_1251_1382
0.502311574430732,2021_1260_1382
0.510504925119538,2021_1261_1382
0.425520508848428,2021_1268_1382
0.557070368342788,2021_1276_1382
0.408350452118073,2021_1277_1382
0.43359602077737,2021_1281_1382
0.209757712566327,2021_1287_1382
0.107061428516127,2021_1291_1382
0.0971640346377247,2021_1313_1382
0.536637537311787,2021_1314_1382
0.328893356362116,2021_1317_1382
0.346214758424308,2021_1325_1382
0.534636479516986,2021_1326_1382
0.48061216430742,2021_1328_1382
0.468574880684964,2021_1329_1382
0.184288748095224,2021_1331_1382
0.488942592286178,2021_1332_1382
0.365972428391163,2021_1333_1382
0.496730648280653,2021_1345_1382
0.48311168208264,2021_1353_1382
0.522691555288245,2021_1361_1382
0.369788326096654,2021_1364_1382
0.35173362355682,2021_1101_1393
0.547002399109773,2021_1104_1393
0.122760267007641,2021_1111_1393
0.554261929901538,2021_1116_1393
0.594116768593885,2021_1124_1393
0.455241299369577,2021_1140_1393
0.405533993571527,2021_1155_1393
0.168655053601647,2021_1156_1393
0.428975699405423,2021_1159_1393
0.491658064380406,2021_1160_1393
0.512167159428949,2021_1163_1393
0.50741981169559,2021_1166_1393
0.392797286725106,2021_1179_1393
0.191999926095744,2021_1180_1393
0.256242169552703,2021_1186_1393
0.45146223342112,2021_1196_1393
0.531728773391083,2021_1199_1393
0.352097784563397,2021_1207_1393
0.497086441980105,2021_1210_1393
0.595804157133583,2021_1211_1393
0.244122457478797,2021_1213_1393
0.114508448331344,2021_1216_1393
0.593874498302397,2021_1222_1393
0.546223477411802,2021_1228_1393
0.173445786108194,2021_1233_1393
0.609072763886572,2021_1234_1393
0.527699932841152,2021_1242_1393
0.25371422237949,2021_1251_1393
0.497309950301385,2021_1260_1393
0.50550458224387,2021_1261_1393
0.420637262506408,2021_1268_1393
0.552128386186431,2021_1276_1393
0.40352584169208,2021_1277_1393
0.428689255800584,2021_1281_1393
0.206460674437476,2021_1287_1393
0.105163787047708,2021_1291_1393
0.0954230753218744,2021_1313_1393
0.531659242876822,2021_1314_1393
0.324492646269742,2021_1317_1393
0.341700287924899,2021_1325_1393
0.529655529214405,2021_1326_1393
0.475620120877713,2021_1328_1393
0.463596267653273,2021_1329_1393
0.18130019425409,2021_1331_1393
0.48394464423642,2021_1332_1393
0.361342718122741,2021_1333_1393
0.491729689486891,2021_1345_1393
0.4781175757193,2021_1353_1393
0.517698089914063,2021_1361_1393
0.365138143475642,2021_1364_1393
0.497431138774652,2021_1382_1393
0.299239430024872,2021_1101_1397
0.487270665277151,2021_1104_1397
0.0992092610904844,2021_1111_1397
0.494603003930087,2021_1116_1397
0.535319991127881,2021_1124_1397
0.396753662757522,2021_1140_1397
0.349337280695929,2021_1155_1397
0.137681222423051,2021_1156_1397
0.371560934653213,2021_1159_1397
0.432203744437016,2021_1160_1397
0.452440107030057,2021_1163_1397
0.447738260725276,2021_1166_1397
0.337363916245471,2021_1179_1397
0.157551271473818,2021_1180_1397
0.213310091882075,2021_1186_1397
0.39310975491879,2021_1196_1397
0.471927343720187,2021_1199_1397
0.299574357631186,2021_1207_1397
0.437540694876872,2021_1210_1397
0.537061350249177,2021_1211_1397
0.202667656013797,2021_1213_1397
0.0923738181833905,2021_1216_1397
0.535070089526281,2021_1222_1397
0.486485455744443,2021_1228_1397
0.141742135784076,2021_1233_1397
0.550804465680704,2021_1234_1397
0.467898863475586,2021_1242_1397
0.211085483462676,2021_1251_1397
0.437760734612492,2021_1260_1397
0.445844404303026,2021_1261_1397
0.363627840396724,2021_1268_1397
0.492445396249035,2021_1276_1397
0.347444763331239,2021_1277_1397
0.371287901168108,2021_1281_1397
0.169963235096837,2021_1287_1397
0.0846627863212756,2021_1291_1397
0.0766582905384653,2021_1313_1397
0.471857753313288,2021_1314_1397
0.274343483930364,2021_1317_1397
0.290033568822905,2021_1325_1397
0.469853311764794,2021_1326_1397
0.416516131258633,2021_1328_1397
0.404832915783416,2021_1329_1397
0.148418655503664,2021_1331_1397
0.424643901426137,2021_1332_1397
0.308095996271556,2021_1333_1397
0.432274073466506,2021_1345_1397
0.418951188625198,2021_1353_1397
0.457931502934359,2021_1361_1397
0.311605014828891,2021_1364_1397
0.437880052179934,2021_1382_1397
0.443045660990784,2021_1393_1397
0.354912952728051,2021_1101_1400
0.550448058903235,2021_1104_1400
0.124266641677869,2021_1111_1400
0.557697020544351,2021_1116_1400
0.597467778772039,2021_1124_1400
0.458694227978826,2021_1140_1400
0.408892890938144,2021_1155_1400
0.170615065861984,2021_1156_1400
0.4323875334876,2021_1159_1400
0.495136153658682,2021_1160_1400
0.515643164868507,2021_1163_1400
0.51089734046086,2021_1166_1400
0.396120985855694,2021_1179_1400
0.194167874417672,2021_1180_1400
0.258903071693185,2021_1186_1400
0.454910434482434,2021_1196_1400
0.535191890242394,2021_1199_1400
0.355278601419862,2021_1207_1400
0.500565118738999,2021_1210_1400
0.599150635451208,2021_1211_1400
0.246699249814137,2021_1213_1400
0.11592694712182,2021_1216_1400
0.597226152672644,2021_1222_1400
0.549670184296172,2021_1228_1400
0.175449723650497,2021_1233_1400
0.612380856684006,2021_1234_1400
0.531166574034994,2021_1242_1400
0.256357921678519,2021_1251_1400
0.50078863366913,2021_1260_1400
0.508982548081674,2021_1261_1400
0.424032024770188,2021_1268_1400
0.55556673490121,2021_1276_1400
0.406879490493244,2021_1277_1400
0.432100535619239,2021_1281_1400
0.208749720357905,2021_1287_1400
0.106480446813641,2021_1291_1400
0.0966309500732668,2021_1313_1400
0.535122424377481,2021_1314_1400
0.327550157369598,2021_1317_1400
0.344837167766433,2021_1325_1400
0.533120516038074,2021_1326_1400
0.479091681858484,2021_1328_1400
0.467058235050439,2021_1329_1400
0.183374746431793,2021_1331_1400
0.487420487770199,2021_1332_1400
0.364560059194639,2021_1333_1400
0.495207791856645,2021_1345_1400
0.481590624179365,2021_1353_1400
0.52117153001671,2021_1361_1400
0.36836978653312,2021_1364_1400
0.500909825144487,2021_1382_1400
0.50614946981345,2021_1393_1400
0.565727530864021,2021_1397_1400
0.310710872409926,2021_1101_1403
0.50079897435158,2021_1104_1403
0.104152188507227,2021_1111_1403
0.508133137850528,2021_1116_1403
0.548754570074299,2021_1124_1403
0.409777368756867,2021_1140_1403
0.361737855135827,2021_1155_1403
0.144234031375205,2021_1156_1403
0.384284473873448,2021_1159_1403
0.445531684773543,2021_1160_1403
0.46588005758829,2021_1163_1403
0.461156171576274,2021_1166_1403
0.349567810522808,2021_1179_1403
0.164868966668703,2021_1180_1403
0.222533488310826,2021_1186_1403
0.406094368958028,2021_1196_1403
0.485432974561701,2021_1199_1403
0.311052940364694,2021_1207_1403
0.4509025170083,2021_1210_1403
0.550487859224559,2021_1211_1403
0.211554628462748,2021_1213_1403
0.097012859513967,2021_1216_1403
0.548505799839181,2021_1222_1403
0.500013224157996,2021_1228_1403
0.148454946235515,2021_1233_1403
0.564155854704193,2021_1234_1403
0.481394303645371,2021_1242_1403
0.220239618490223,2021_1251_1403
0.451123886863197,2021_1260_1403
0.459252756699405,2021_1261_1403
0.376242361988113,2021_1268_1403
0.505975597741176,2021_1276_1403
0.359815308415061,2021_1277_1403
0.384007803856676,2021_1281_1403
0.177735796365868,2021_1287_1403
0.0889525300191422,2021_1291_1403
0.080578161103433,2021_1313_1403
0.485363223083105,2021_1314_1403
0.285249024244703,2021_1317_1403
0.301303840976182,2021_1325_1403
0.483353916275655,2021_1326_1403
0.429726436307447,2021_1328_1403
0.417938089379431,2021_1329_1403
0.155390413136672,2021_1331_1403
0.437918516931891,2021_1332_1403
0.319752037777689,2021_1333_1403
0.445602480533012,2021_1345_1403
0.432181520265214,2021_1353_1403
0.471394144167635,2021_1361_1403
0.323331773926668,2021_1364_1403
0.451243923482283,2021_1382_1403
0.456439171435683,2021_1393_1403
0.516283020823095,2021_1397_1403
0.453139313558085,2021_1400_1403
0.83085554298744,2021_1101_1411
0.916191942097231,2021_1104_1411
0.558871526288268,2021_1111_1411
0.918417421042908,2021_1116_1411
0.929833903785091,2021_1124_1411
0.883254293807293,2021_1140_1411
0.860646686431475,2021_1155_1411
0.647470993424992,2021_1156_1411
0.871814571059628,2021_1159_1411
0.897500847036207,2021_1160_1411
0.90480642846489,2021_1163_1411
0.903157568634241,2021_1166_1411
0.854154138004265,2021_1179_1411
0.68266867140497,2021_1180_1411
0.757227299526148,2021_1186_1411
0.881672655562027,2021_1196_1411
0.911348808079889,2021_1199_1411
0.83107981607235,2021_1207_1411
0.899481437461609,2021_1210_1411
0.930289369645359,2021_1211_1411
0.745152004741987,2021_1213_1411
0.53932760982975,2021_1216_1411
0.929768333595205,2021_1222_1411
0.915950292976149,2021_1228_1411
0.655144410524198,2021_1233_1411
0.933797826738404,2021_1234_1411
0.910033469640426,2021_1242_1411
0.754772547794127,2021_1251_1411
0.899562244779631,2021_1260_1411
0.902485328233876,2021_1261_1411
0.867952175309245,2021_1268_1411
0.917768320109003,2021_1276_1411
0.85964384092103,2021_1277_1411
0.871683821694818,2021_1281_1411
0.701978516832995,2021_1287_1411
0.515497204796808,2021_1291_1411
0.488497891938547,2021_1313_1411
0.911326244757088,2021_1314_1411
0.813046624361434,2021_1317_1411
0.824538480141179,2021_1325_1411
0.910673958521945,2021_1326_1411
0.891439839308647,2021_1328_1411
0.886678879039426,2021_1329_1411
0.667204204691425,2021_1331_1411
0.894625720137582,2021_1332_1411
0.83666073813016,2021_1333_1411
0.897527207364252,2021_1345_1411
0.892404888240318,2021_1353_1411
0.906696682841432,2021_1361_1411
0.838890874609917,2021_1364_1411
0.899606035028673,2021_1382_1411
0.901483229592324,2021_1393_1411
0.920828392658124,2021_1397_1411
0.900294972726194,2021_1400_1411
0.916831238620489,2021_1403_1411
0.414385042872652,2021_1101_1417
0.611620016116237,2021_1104_1417
0.154336497201478,2021_1111_1417
0.618566108587982,2021_1116_1417
0.656237332368195,2021_1124_1417
0.521498063434675,2021_1140_1417
0.470808686659458,2021_1155_1417
0.209220799338893,2021_1156_1417
0.494882465617752,2021_1159_1417
0.557788060678329,2021_1160_1417
0.577919587311063,2021_1163_1417
0.573278990731233,2021_1166_1417
0.457599978327085,2021_1179_1417
0.236582781461382,2021_1180_1417
0.310018701347658,2021_1186_1417
0.517691669383147,2021_1196_1417
0.596919628722508,2021_1199_1417
0.414772567080079,2021_1207_1417
0.563137734296339,2021_1210_1417
0.657815209122331,2021_1211_1417
0.296369001097201,2021_1213_1417
0.144311324714063,2021_1216_1417
0.656010672833995,2021_1222_1417
0.610873162613245,2021_1228_1417
0.214866006158515,2021_1233_1417
0.670175060996734,2021_1234_1417
0.593022378415312,2021_1242_1417
0.307179338142281,2021_1251_1417
0.563357673147274,2021_1260_1417
0.571403539711543,2021_1261_1417
0.486354070491416,2021_1268_1417
0.616527408186471,2021_1276_1417
0.468732168920904,2021_1277_1417
0.494590131279051,2021_1281_1417
0.253348505927617,2021_1287_1417
0.132899573465083,2021_1291_1417
0.120937057559381,2021_1313_1417
0.596852438941916,2021_1314_1417
0.385174850860689,2021_1317_1417
0.403677418795171,2021_1325_1417
0.5949151283847,2021_1326_1417
0.5418924902214,2021_1328_1417
0.529886229749265,2021_1329_1417
0.22408758821817,2021_1331_1417
0.55015998791208,2021_1332_1417
0.424584714235407,2021_1333_1417
0.557858747364614,2021_1345_1417
0.544376674653944,2021_1353_1417
0.583311543736488,2021_1361_1417
0.428598623486262,2021_1364_1417
0.563476915357768,2021_1382_1417
0.568625377012465,2021_1393_1417
0.626232140051655,2021_1397_1417
0.565358043185984,2021_1400_1417
0.61360278147402,2021_1403_1417
0.127268852276255,2021_1411_1417
0.520447176160315,2021_1101_1422
0.707200936358208,2021_1104_1422
0.218695430557105,2021_1111_1422
0.713239065620446,2021_1116_1422
0.745408532490372,2021_1124_1422
0.625684342547522,2021_1140_1422
0.577081266657631,2021_1155_1422
0.28865457958141,2021_1156_1422
0.600423594725744,2021_1159_1422
0.659235914663057,2021_1160_1422
0.67741996565538,2021_1163_1422
0.673254826169837,2021_1166_1422
0.564069062986531,2021_1179_1422
0.32217259691923,2021_1180_1422
0.407977981708372,2021_1186_1422
0.622106169239,2021_1196_1422
0.69431015387474,2021_1199_1422
0.520845670505386,2021_1207_1422
0.664097386575535,2021_1210_1422
0.746735074022609,2021_1211_1422
0.392468555037973,2021_1213_1422
0.205505638206584,2021_1216_1422
0.745217840933716,2021_1222_1422
0.706549698055356,2021_1228_1422
0.295641780922429,2021_1233_1422
0.757069228398298,2021_1234_1422
0.690866884837481,2021_1242_1422
0.404767757246949,2021_1251_1422
0.664296797407528,2021_1260_1422
0.671567040367067,2021_1261_1422
0.592208794587498,2021_1268_1422
0.711470347875452,2021_1276_1422
0.575045363071406,2021_1277_1422
0.600142989009681,2021_1281_1422
0.342284264527892,2021_1287_1422
0.190331164116311,2021_1291_1422
0.174237912095477,2021_1313_1422
0.694250882902091,2021_1314_1422
0.490016507747898,2021_1317_1422
0.509382792626807,2021_1325_1422
0.692540510855718,2021_1326_1422
0.644663897050315,2021_1328_1422
0.633529570809831,2021_1329_1422
0.306974652150503,2021_1331_1422
0.652266850149043,2021_1332_1422
0.530890802323271,2021_1333_1422
0.659300290071078,2021_1345_1422
0.646953865841643,2021_1353_1422
0.682239722066504,2021_1361_1422
0.534975341781668,2021_1364_1422
0.664404895085511,2021_1382_1422
0.669062107872275,2021_1393_1422
0.719864074315179,2021_1397_1422
0.66610881160644,2021_1400_1422
0.708927962668362,2021_1403_1422
0.182780088776584,2021_1411_1422
0.608369855773563,2021_1417_1422
0.322734726973756,2021_1101_1425
0.514686170026573,2021_1104_1425
0.10945192438318,2021_1111_1425
0.522011040613774,2021_1116_1425
0.56247321611468,2021_1124_1425
0.423280699701146,2021_1140_1425
0.374663032722606,2021_1155_1425
0.151229015345779,2021_1156_1425
0.397513522075176,2021_1159_1425
0.459296371624419,2021_1160_1425
0.479729484153169,2021_1163_1425
0.474990051901362,2021_1166_1425
0.362304979681852,2021_1179_1425
0.172662778850896,2021_1180_1425
0.232295024919441,2021_1186_1425
0.419562607703538,2021_1196_1425
0.499320272021196,2021_1199_1425
0.32308382764084,2021_1207_1425
0.464694069942438,2021_1210_1425
0.564195659044697,2021_1211_1425
0.220971450473119,2021_1213_1425
0.101990672884551,2021_1216_1425
0.562225975436175,2021_1222_1425
0.513901061453951,2021_1228_1425
0.155617409361103,2021_1233_1425
0.57776654636971,2021_1234_1425
0.49527726987031,2021_1242_1425
0.229930291575565,2021_1251_1425
0.464916477836276,2021_1260_1425
0.473079668259584,2021_1261_1425
0.389369635829831,2021_1268_1425
0.519856853711724,2021_1276_1425
0.37271190568284,2021_1277_1425
0.397233472394435,2021_1281_1425
0.186002388143523,2021_1287_1425
0.093559612729849,2021_1291_1425
0.0847918810954463,2021_1313_1425
0.49925046114604,2021_1314_1425
0.296711700230088,2021_1317_1425
0.313129035211377,2021_1325_1425
0.497239210845745,2021_1326_1425
0.443393302922753,2021_1328_1425
0.431513731741185,2021_1329_1425
0.162823508462952,2021_1331_1425
0.451639583257435,2021_1332_1425
0.331957269246439,2021_1333_1425
0.459367542531595,2021_1345_1425
0.44586542057295,2021_1353_1425
0.485258566135943,2021_1361_1425
0.33560623380058,2021_1364_1425
0.465037075032968,2021_1382_1425
0.470255040168981,2021_1393_1425
0.530143602103349,2021_1397_1425
0.466941102929687,2021_1400_1425
0.516772819471638,2021_1403_1425
0.089423763601923,2021_1411_1425
0.405499590555433,2021_1417_1425
0.307918296184377,2021_1422_1425
0.383726092501231,2021_1101_1429
0.580842133290484,2021_1104_1429
0.138371527007563,2021_1111_1429
0.587967854127384,2021_1116_1429
0.626837977383709,2021_1124_1429
0.489538948667667,2021_1140_1429
0.439105332749292,2021_1155_1429
0.188846276152303,2021_1156_1429
0.462976273882242,2021_1159_1429
0.526049938417813,2021_1160_1429
0.546451481832708,2021_1163_1429
0.541739250036192,2021_1166_1429
0.42606994775353,2021_1179_1429
0.214265653593946,2021_1180_1429
0.283345371632988,2021_1186_1429
0.485729031427939,2021_1196_1429
0.565803804869169,2021_1199_1429
0.384103750754564,2021_1207_1429
0.531461046591007,2021_1210_1429
0.628474400053159,2021_1211_1429
0.270409807678088,2021_1213_1429
0.129224917109805,2021_1216_1429
0.626602963100021,2021_1222_1429
0.580076729511517,2021_1228_1429
0.194076657796753,2021_1233_1429
0.641316180557225,2021_1234_1429
0.561826546202845,2021_1242_1429
0.280650934636869,2021_1251_1429
0.531683670717989,2021_1260_1429
0.539836447861116,2021_1261_1429
0.454502975157065,2021_1268_1429
0.585875101559656,2021_1276_1429
0.437053160762,2021_1277_1429
0.46268552280964,2021_1281_1429
0.229926173480674,2021_1287_1429
0.118840472192519,2021_1291_1429
0.107985840660331,2021_1313_1429
0.565735201757259,2021_1314_1429
0.355365616609484,2021_1317_1429
0.373305680790869,2021_1325_1429
0.563757652671074,2021_1326_1429
0.510015688744373,2021_1328_1429
0.497948005884837,2021_1329_1429
0.202636283980805,2021_1331_1429
0.51834713790901,2021_1332_1429
0.393678429270262,2021_1333_1429
0.526121388289479,2021_1345_1429
0.51251722937179,2021_1353_1429
0.551933763164109,2021_1361_1429
0.397602049968755,2021_1364_1429
0.531804374051202,2021_1382_1429
0.537019459205953,2021_1393_1429
0.595847049307158,2021_1397_1429
0.533709042689071,2021_1400_1429
0.582874865238217,2021_1403_1429
0.113727284815849,2021_1411_1429
0.47124881724977,2021_1417_1429
0.367629518519463,2021_1422_1429
0.569773446010281,2021_1425_1429
0.412281448056767,2021_1101_1433
0.609557356551326,2021_1104_1433
0.15320765253688,2021_1111_1433
0.616517209254612,2021_1116_1433
0.654277689367008,2021_1124_1433
0.519332924870617,2021_1140_1433
0.468647882018582,2021_1155_1433
0.207789157903412,2021_1156_1433
0.492714045012454,2021_1159_1433
0.555647213124181,2021_1160_1433
0.575802081709781,2021_1163_1433
0.57115547974593,2021_1166_1433
0.455447621484908,2021_1179_1433
0.235019554315643,2021_1180_1433
0.308166115498521,2021_1186_1433
0.515525308065331,2021_1196_1433
0.594830615917289,2021_1199_1433
0.412668391290271,2021_1207_1433
0.561002402369674,2021_1210_1433
0.655859843918761,2021_1211_1433
0.294563159997018,2021_1213_1433
0.143243385583062,2021_1216_1433
0.654050418896493,2021_1222_1433
0.608809073518066,2021_1228_1433
0.213406160734912,2021_1233_1433
0.668254705402548,2021_1234_1433
0.590927009442803,2021_1242_1433
0.305336211054544,2021_1251_1433
0.561222578625679,2021_1260_1433
0.569277707925704,2021_1261_1433
0.484187198319514,2021_1268_1433
0.614474383130561,2021_1276_1433
0.466572491993749,2021_1277_1433
0.492421742868768,2021_1281_1433
0.251711024756537,2021_1287_1433
0.131903066290112,2021_1291_1433
0.120017832426523,2021_1313_1433
0.594763314316492,2021_1314_1433
0.38312252908388,2021_1317_1433
0.401590904990004,2021_1325_1433
0.592822813373103,2021_1326_1433
0.539738187667271,2021_1328_1433
0.527724673651294,2021_1329_1433
0.222582851428004,2021_1331_1433
0.548012135692993,2021_1332_1433
0.422466694463678,2021_1333_1433
0.555717969447878,2021_1345_1433
0.542224185493461,2021_1353_1433
0.581201486072795,2021_1361_1433
0.426475420934638,2021_1364_1433
0.56134194989931,2021_1382_1433
0.566496219714203,2021_1393_1433
0.624199401888543,2021_1397_1433
0.563225146484616,2021_1400_1433
0.611543964148737,2021_1403_1433
0.126308415235361,2021_1411_1433
0.501022210195193,2021_1417_1433
0.395756257198911,2021_1422_1433
0.598723089351264,2021_1425_1433
0.53320711167734,2021_1429_1433
0.323975929517227,2021_1101_1437
0.51610304063048,2021_1104_1437
0.110006097215666,2021_1111_1437
0.523426327665455,2021_1116_1437
0.563868793130975,2021_1124_1437
0.424666125306416,2021_1140_1437
0.375993073795572,2021_1155_1437
0.151958618944248,2021_1156_1437
0.398872939971826,2021_1159_1437
0.460705510496812,2021_1160_1437
0.481145528235062,2021_1163_1437
0.476404916473506,2021_1166_1437
0.363616659701903,2021_1179_1437
0.173474654844724,2021_1180_1437
0.233308225688146,2021_1186_1437
0.420944746254299,2021_1196_1437
0.500738487056009,2021_1199_1437
0.324325729847699,2021_1207_1437
0.46610549356161,2021_1210_1437
0.565589985178504,2021_1211_1437
0.221949540269546,2021_1213_1437
0.102511416780544,2021_1216_1437
0.563621729245412,2021_1222_1437
0.515318065679656,2021_1228_1437
0.156364284385486,2021_1233_1437
0.579149840982828,2021_1234_1437
0.496695393522707,2021_1242_1437
0.230936280761359,2021_1251_1437
0.466327988501408,2021_1260_1437
0.474493985296519,2021_1261_1437
0.390719264594295,2021_1268_1437
0.521272669640601,2021_1276_1437
0.374039163299896,2021_1277_1437
0.398592566180576,2021_1281_1437
0.186862821299328,2021_1287_1437
0.0940418173482515,2021_1291_1437
0.0852331461019812,2021_1313_1437
0.500668676176476,2021_1314_1437
0.297896842250375,2021_1317_1437
0.314350442025231,2021_1325_1437
0.498657402005805,2021_1326_1437
0.444793787222975,2021_1328_1437
0.432905877040314,2021_1329_1437
0.163598267820419,2021_1331_1437
0.453044913723845,2021_1332_1437
0.333216489883192,2021_1333_1437
0.460776713681277,2021_1345_1437
0.447267438733967,2021_1353_1437
0.486675664063241,2021_1361_1437
0.336872316214065,2021_1364_1437
0.466448632662611,2021_1382_1437
0.471668471732129,2021_1393_1437
0.531556418140046,2021_1397_1437
0.46835338016922,2021_1400_1437
0.518189300952903,2021_1403_1437
0.0898867659270057,2021_1411_1437
0.406867875865433,2021_1417_1437
0.309128525182557,2021_1422_1437
0.504782339214358,2021_1425_1437
0.438317486971016,2021_1429_1437
0.409298221195501,2021_1433_1437
0.32813531394051,2021_1101_1438
0.520828692496006,2021_1104_1438
0.111873019856019,2021_1111_1438
0.528145847831866,2021_1116_1438
0.568517961593631,2021_1124_1438
0.429297309363831,2021_1140_1438
0.380444453037726,2021_1155_1438
0.154413992800236,2021_1156_1438
0.403420073549175,2021_1159_1438
0.46541178537039,2021_1160_1438
0.485872486861128,2021_1163_1438
0.481128488726999,2021_1166_1438
0.36800792732301,2021_1179_1438
0.176205452034486,2021_1180_1438
0.236711159215912,2021_1186_1438
0.425565365813085,2021_1196_1438
0.505470411007399,2021_1199_1438
0.328487423010728,2021_1207_1438
0.470818772608517,2021_1210_1438
0.570234789992529,2021_1211_1438
0.225235471578881,2021_1213_1438
0.104266047682953,2021_1216_1438
0.568271514906255,2021_1222_1438
0.520044254458302,2021_1228_1438
0.158877509027173,2021_1233_1438
0.583756361946957,2021_1234_1438
0.501427483228462,2021_1242_1438
0.234315191349126,2021_1251_1438
0.47104153241629,2021_1260_1438
0.479215951634782,2021_1261_1438
0.395234561269622,2021_1268_1438
0.525994203514518,2021_1276_1438
0.37848144075678,2021_1277_1438
0.403138647035078,2021_1281_1438
0.189755986511005,2021_1287_1438
0.0956669317041802,2021_1291_1438
0.0867206108352976,2021_1313_1438
0.505400608239832,2021_1314_1438
0.301870917912236,2021_1317_1438
0.318444460790594,2021_1325_1438
0.503389488559106,2021_1326_1438
0.44947298978006,2021_1328_1438
0.43755857949659,2021_1329_1438
0.166204856854697,2021_1331_1438
0.457739354318134,2021_1332_1438
0.337435293263486,2021_1333_1438
0.465483088107034,2021_1345_1438
0.45195148086684,2021_1353_1438
0.491405496920582,2021_1361_1438
0.341113726492174,2021_1364_1438
0.471162319412715,2021_1382_1438
0.476387809894869,2021_1393_1438
0.536266756426037,2021_1397_1438
0.473069248870682,2021_1400_1438
0.522913412577361,2021_1403_1438
0.0914473255569359,2021_1411_1438
0.411443768915658,2021_1417_1438
0.313185599620955,2021_1422_1438
0.509513478470356,2021_1425_1438
0.442982918422628,2021_1429_1438
0.41388237457886,2021_1433_1438
0.508355582512933,2021_1437_1438
0.406046113512256,2021_1101_1439
0.603401638336725,2021_1104_1439
0.149891242760065,2021_1111_1439
0.610401086700844,2021_1116_1439
0.648420367940757,2021_1124_1439
0.512891457045859,2021_1140_1439
0.462230527348464,2021_1155_1439
0.203575290679383,2021_1156_1439
0.486268729492205,2021_1159_1439
0.54927003108799,2021_1160_1439
0.569490042764824,2021_1163_1439
0.564826554398247,2021_1166_1439
0.449058261583578,2021_1179_1439
0.230414080153368,2021_1180_1439
0.302694428352556,2021_1186_1439
0.50908104846943,2021_1196_1439
0.588599419339179,2021_1199_1439
0.406431251604449,2021_1207_1439
0.554640475031732,2021_1210_1439
0.650014989147678,2021_1211_1439
0.28923202697626,2021_1213_1439
0.14010697984818,2021_1216_1439
0.648191317415207,2021_1222_1439
0.60264924823725,2021_1228_1439
0.209108450542099,2021_1233_1439
0.6625120395296,2021_1234_1439
0.584677695621704,2021_1242_1439
0.299892989938106,2021_1251_1439
0.554861310279161,2021_1260_1439
0.562942276188084,2021_1261_1439
0.477748377508764,2021_1268_1439
0.608346377315887,2021_1276_1439
0.46015894504395,2021_1277_1439
0.485976587968271,2021_1281_1439
0.246884024338016,2021_1287_1439
0.128977584078284,2021_1291_1439
0.117320328147376,2021_1313_1439
0.588531798674805,2021_1314_1439
0.377045274725007,2021_1317_1439
0.395408475647209,2021_1325_1439
0.586582199406625,2021_1326_1439
0.533324446401659,2021_1328_1439
0.521292002929727,2021_1329_1439
0.218151588718307,2021_1331_1439
0.541615773029344,2021_1332_1439
0.416186401230019,2021_1333_1439
0.549340979281868,2021_1345_1439
0.53581529352247,2021_1353_1439
0.574910476349586,2021_1361_1439
0.420178891075772,2021_1364_1439
0.554981039883303,2021_1382_1439
0.560151486237363,2021_1393_1439
0.618129911493297,2021_1397_1439
0.556869987194155,2021_1400_1439
0.605399291039983,2021_1403_1439
0.123489365654602,2021_1411_1439
0.494574171296356,2021_1417_1439
0.389605170123423,2021_1422_1439
0.592510746657965,2021_1425_1439
0.52678215377762,2021_1429_1439
0.497089348412354,2021_1433_1439
0.591391653569405,2021_1437_1439
0.586830831436223,2021_1438_1439
0.323310613418047,2021_1101_1452
0.515343945889032,2021_1104_1452
0.109708879479437,2021_1111_1452
0.522668095944803,2021_1116_1452
0.563121200601965,2021_1124_1452
0.423923698657406,2021_1140_1452
0.375280235515011,2021_1155_1452
0.151567356079146,2021_1156_1452
0.3981444009767,2021_1159_1452
0.459950447929951,2021_1160_1452
0.480386806463037,2021_1163_1452
0.475646817224779,2021_1166_1452
0.362913639178745,2021_1179_1452
0.173039296545505,2021_1180_1452
0.23276499489101,2021_1186_1452
0.420204073829622,2021_1196_1452
0.499978641283177,2021_1199_1452
0.323660039323454,2021_1207_1452
0.465349217504309,2021_1210_1452
0.564843066118517,2021_1211_1452
0.221425118681779,2021_1213_1452
0.102232122384995,2021_1216_1452
0.562874041523971,2021_1222_1452
0.514558897780166,2021_1228_1452
0.155963764044989,2021_1233_1452
0.578408857816009,2021_1234_1452
0.495935588620618,2021_1242_1452
0.230396913115946,2021_1251_1452
0.46557166624573,2021_1260_1452
0.473736175610134,2021_1261_1452
0.38999595627234,2021_1268_1452
0.520514150274267,2021_1276_1452
0.373327813162021,2021_1277_1452
0.397864200345378,2021_1281_1452
0.186401441054262,2021_1287_1452
0.0937831872579073,2021_1291_1452
0.0849964684715225,2021_1313_1452
0.499908830266294,2021_1314_1452
0.2972615324572,2021_1317_1452
0.313695720370269,2021_1325_1452
0.497897564860256,2021_1326_1452
0.444043330625383,2021_1328_1452
0.432159865596513,2021_1329_1452
0.163182802076395,2021_1331_1452
0.45229187663927,2021_1332_1452
0.332541532028814,2021_1333_1452
0.460021633960729,2021_1345_1452
0.446516165101028,2021_1353_1452
0.485916388693043,2021_1361_1452
0.336193686886541,2021_1364_1452
0.465692285482419,2021_1382_1452
0.470911130860304,2021_1393_1452
0.530799526460496,2021_1397_1452
0.467596651199159,2021_1400_1452
0.51743041885565,2021_1403_1452
0.0896384322648125,2021_1411_1452
0.406134600073518,2021_1417_1452
0.308479786365825,2021_1422_1452
0.504022551958707,2021_1425_1452
0.437569345543901,2021_1429_1452
0.408563582427713,2021_1433_1452
0.502864341098455,2021_1437_1452
0.498153901592474,2021_1438_1452
0.414936784305935,2021_1439_1452
0.462208236855656,2021_1101_1455
0.656680928389133,2021_1104_1455
0.181446893188761,2021_1111_1455
0.663264817238089,2021_1116_1455
0.69867199810255,2021_1124_1455
0.569658088592359,2021_1140_1455
0.519368505040975,2021_1155_1455
0.243199489547758,2021_1156_1455
0.543375729775651,2021_1159_1455
0.605061679555056,2021_1160_1455
0.624489923222967,2021_1163_1455
0.620024699972096,2021_1166_1455
0.50610035075915,2021_1179_1455
0.273468475316897,2021_1180_1455
0.353058781875158,2021_1186_1455
0.565915910787314,2021_1196_1455
0.642689715657107,2021_1199_1455
0.462605155286877,2021_1207_1455
0.610239076733825,2021_1210_1455
0.70014409833383,2021_1211_1455
0.338443602519453,2021_1213_1455
0.17001475839751,2021_1216_1455
0.698460461417519,2021_1222_1455
0.655971986301852,2021_1228_1455
0.249472277643733,2021_1233_1455
0.711645226481042,2021_1234_1455
0.638967343875798,2021_1242_1455
0.350025199698295,2021_1251_1455
0.610451705887735,2021_1260_1455
0.618217876598315,2021_1261_1455
0.53489660269397,2021_1268_1455
0.661334221989761,2021_1276_1455
0.517287169447777,2021_1277_1455
0.5430855486382,2021_1281_1455
0.291848855218256,2021_1287_1455
0.156943243592975,2021_1291_1455
0.143173866400349,2021_1313_1455
0.64262558759286,2021_1314_1455
0.432114422578799,2021_1317_1455
0.45121701155995,2021_1325_1455
0.64077585143488,2021_1326_1455
0.589615166938198,2021_1328_1455
0.577885364070856,2021_1329_1455
0.259687838160619,2021_1331_1455
0.597660866121371,2021_1332_1455
0.472635004442741,2021_1333_1455
0.605130159118779,2021_1345_1455
0.592035392749812,2021_1353_1455
0.629668184383656,2021_1361_1455
0.476726822078868,2021_1364_1455
0.61056697758184,2021_1382_1455
0.615538991932602,2021_1393_1455
0.670511018281507,2021_1397_1455
0.61238477162214,2021_1400_1455
0.658562071375326,2021_1403_1455
0.15047061046022,2021_1411_1455
0.55160925539991,2021_1417_1455
0.445197762924496,2021_1422_1455
0.646395729389619,2021_1425_1455
0.58324535731357,2021_1429_1455
0.554096501344897,2021_1433_1455
0.645336040734735,2021_1437_1455
0.641011837605887,2021_1438_1455
0.560588111624938,2021_1439_1455
0.646328543047934,2021_1452_1455
0.480132417661294,2021_1101_1457
0.672713084931995,2021_1104_1457
0.192378060545187,2021_1111_1457
0.679139745910749,2021_1116_1457
0.713598483146049,2021_1124_1457
0.587199455339463,2021_1140_1457
0.537294734475005,2021_1155_1457
0.256684300532258,2021_1156_1457
0.561163120828998,2021_1159_1457
0.62211722614014,2021_1160_1457
0.641203982850551,2021_1163_1457
0.636821923948984,2021_1166_1457
0.524067967405548,2021_1179_1457
0.28799295091696,2021_1180_1457
0.369659658421621,2021_1186_1457
0.583498288030028,2021_1196_1457
0.659035990202567,2021_1199_1457
0.480530974968446,2021_1207_1457
0.627208792707907,2021_1210_1457
0.715027404932531,2021_1211_1457
0.354734084476016,2021_1213_1457
0.180408997513561,2021_1216_1457
0.713393126572002,2021_1222_1457
0.672020713979336,2021_1228_1457
0.263183945077623,2021_1233_1457
0.726180932357998,2021_1234_1457
0.655392600376572,2021_1242_1457
0.366564257915056,2021_1251_1457
0.627417816494726,2021_1260_1457
0.635047959455939,2021_1261_1457
0.552742420207232,2021_1268_1457
0.677255878003754,2021_1276_1457
0.535221558255493,2021_1277_1457
0.560875108402933,2021_1281_1457
0.30693712798902,2021_1287_1457
0.166698832986046,2021_1291_1457
0.152228099469643,2021_1313_1457
0.65897323916398,2021_1314_1457
0.449847762709986,2021_1317_1457
0.469086739330202,2021_1325_1457
0.657162975880299,2021_1326_1457
0.606904399972262,2021_1328_1457
0.595329603118639,2021_1329_1457
0.273756181494221,2021_1331_1457
0.614832565601371,2021_1332_1457
0.490594670870687,2021_1333_1457
0.622184595009736,2021_1345_1457
0.609290228968699,2021_1353_1457
0.646282307774897,2021_1361_1457
0.49469612039726,2021_1364_1457
0.627531130976296,2021_1382_1457
0.63241695152708,2021_1393_1457
0.686205953146763,2021_1397_1457
0.629317814050745,2021_1400_1457
0.674549918893055,2021_1403_1457
0.159900171533111,2021_1411_1457
0.569330121384807,2021_1417_1457
0.463030241048101,2021_1422_1457
0.662661451526514,2021_1425_1457
0.600621173963024,2021_1429_1457
0.571795376230041,2021_1433_1457
0.661624991073205,2021_1437_1457
0.657393952702132,2021_1438_1457
0.578225454129013,2021_1439_1457
0.662595742539795,2021_1452_1457
0.521985885623238,2021_1455_1457
0.324325623384507,2021_1101_1458
0.516501669931356,2021_1104_1458
0.110162471486232,2021_1111_1458
0.523824490244175,2021_1116_1458
0.5642612952624,2021_1124_1458
0.425056166845547,2021_1140_1458
0.376367655273128,2021_1155_1458
0.152164432886372,2021_1156_1458
0.39925573124854,2021_1159_1458
0.461102124186474,2021_1160_1458
0.481544026246434,2021_1163_1458
0.476803096271278,2021_1166_1458
0.363986103346228,2021_1179_1458
0.173703641246512,2021_1180_1458
0.233593870829855,2021_1186_1458
0.42133387290543,2021_1196_1458
0.501137539173184,2021_1199_1458
0.324675619947674,2021_1207_1458
0.466502734721173,2021_1210_1458
0.565982130595095,2021_1211_1458
0.22222530954512,2021_1213_1458
0.10265836620035,2021_1216_1458
0.564014281804534,2021_1222_1458
0.515716734849301,2021_1228_1458
0.156574963688004,2021_1233_1458
0.579538845497527,2021_1234_1458
0.497094431654332,2021_1242_1458
0.231219897672823,2021_1251_1458
0.466725253517389,2021_1260_1458
0.474892016531933,2021_1261_1458
0.391099321916704,2021_1268_1458
0.521670987244507,2021_1276_1458
0.374412966174976,2021_1277_1458
0.398975266972374,2021_1281_1458
0.187105479470162,2021_1287_1458
0.0941778996816321,2021_1291_1458
0.0853576828817796,2021_1313_1458
0.501067728494923,2021_1314_1458
0.298230804995216,2021_1317_1458
0.314694582744475,2021_1325_1458
0.499056453441803,2021_1326_1458
0.445188010598104,2021_1328_1458
0.43329778692036,2021_1329_1458
0.163816801289488,2021_1331_1458
0.453440477529045,2021_1332_1458
0.333571236318679,2021_1333_1458
0.461173336250396,2021_1345_1458
0.447662086782,2021_1353_1458
0.487074442614249,2021_1361_1458
0.33722898627068,2021_1364_1458
0.466845910548244,2021_1382_1458
0.472066261937827,2021_1393_1458
0.531953862056822,2021_1397_1458
0.468750855083866,2021_1400_1458
0.518587814732122,2021_1403_1458
0.0900174331463327,2021_1411_1458
0.407253141688272,2021_1417_1458
0.309469529400493,2021_1422_1458
0.505181353119881,2021_1425_1458
0.438710505958649,2021_1429_1458
0.409684198783012,2021_1433_1458
0.504023185456323,2021_1437_1458
0.499312793488907,2021_1438_1458
0.416062584025281,2021_1439_1458
0.505107877990984,2021_1452_1458
0.362056195036085,2021_1455_1458
0.345648754606921,2021_1457_1458
